Swingup Success,Swingup Time [s],Energy [J],Torque Cost[N²m²],Torque Smoothness [Nm],Velocity Cost [m²/s²],RealAI Score
1.0,5.453434467315674,22.67646952864451,19.09737324782773,0.2856551913157255,222.82077810576217,0.10786061539324665
