Swingup Success,Swingup Time [s],Energy [J],Torque Cost[N²m²],Torque Smoothness [Nm],Velocity Cost [m²/s²],RealAI Score
1.0,2.798964977264404,17.21131975033304,10.23829822322701,0.35098348402027724,117.43414627921644,0.24397407607341337
