Swingup Success,Swingup Time [s],Energy [J],Torque Cost[N²m²],Torque Smoothness [Nm],Velocity Cost [m²/s²],RealAI Score
0.0,1.336075782775879,26.656401535098055,11.346490151915742,0.06810034539384645,277.46935930501934,0.0
