Swingup Success,Swingup Time [s],Energy [J],Torque Cost[N²m²],Torque Smoothness [Nm],Velocity Cost [m²/s²],RealAI Score
1.0,3.16377592086792,15.748389414480716,10.006735110585867,0.24074609133552557,109.71956911812674,0.2496491635104897
