Swingup Success,Swingup Time [s],Energy [J],Torque Cost[N²m²],Torque Smoothness [Nm],Velocity Cost [m²/s²],RealAI Score
0.0,9.998299598693848,19.234704926894025,16.113957568247535,0.3064114892337325,373.288134648624,0.0
