Swingup Success,Swingup Time [s],Energy [J],Torque Cost[N²m²],Torque Smoothness [Nm],Velocity Cost [m²/s²],RealAI Score
0.0,0.8943336009979248,11.240660951088337,6.9998226241305535,0.12807167657899945,89.82232004839615,0.0
