Swingup Success,Swingup Time [s],Energy [J],Torque Cost[N²m²],Torque Smoothness [Nm],Velocity Cost [m²/s²],RealAI Score
1.0,1.5357940196990967,14.882545991583713,33.536907174074415,0.32702291049451676,66.47988708022277,0.32635318732503094
