Swingup Success,Swingup Time [s],Energy [J],Torque Cost[N²m²],Torque Smoothness [Nm],Velocity Cost [m²/s²],RealAI Score
1.0,3.483657360076904,18.68929949001892,14.310937631362401,0.49476157039151597,151.1651899036327,0.18829316863879741
