Swingup Success,Swingup Time [s],Energy [J],Torque Cost[N²m²],Torque Smoothness [Nm],Velocity Cost [m²/s²],RealAI Score
1.0,1.531545877456665,13.09545465305872,23.34979881991439,0.46985938242725706,62.66351157620857,0.3428279430952742
