Swingup Success,Swingup Time [s],Energy [J],Torque Cost[N²m²],Torque Smoothness [Nm],Velocity Cost [m²/s²],RealAI Score
1.0,9.489644050598145,29.194195610793283,23.34683985528124,0.4698123754301138,313.0609842341339,0.04044119253009937
