Swingup Success,Swingup Time [s],Energy [J],Torque Cost[N²m²],Torque Smoothness [Nm],Velocity Cost [m²/s²],RealAI Score
1.0,7.983350992202759,26.04228773699206,25.868095766242366,0.3151671113500488,310.9490613440279,0.05779574458045689
