Swingup Success,Swingup Time [s],Energy [J],Torque Cost[N²m²],Torque Smoothness [Nm],Velocity Cost [m²/s²],RealAI Score
1.0,3.981777667999268,18.238696629509278,23.35065327940428,0.46985938242725706,130.29145345401503,0.18662995234841706
