Swingup Success,Swingup Time [s],Energy [J],Torque Cost[N²m²],Torque Smoothness [Nm],Velocity Cost [m²/s²],RealAI Score
1.0,2.623734712600708,20.27739150953559,13.570688519797699,0.6353974982044788,173.26745361974432,0.19491309140365098
