Swingup Success,Swingup Time [s],Energy [J],Torque Cost[N²m²],Torque Smoothness [Nm],Velocity Cost [m²/s²],RealAI Score
1.0,1.549722671508789,13.65266105424425,10.729613364279498,0.29755630480158296,65.3322672755724,0.3483252875350834
