Swingup Success,Swingup Time [s],Energy [J],Torque Cost[N²m²],Torque Smoothness [Nm],Velocity Cost [m²/s²],RealAI Score
0.0,9.9985032081604,9.115806408419559,23.78259546578308,0.4436268430837643,28.20736098821049,0.0
