Swingup Success,Swingup Time [s],Energy [J],Torque Cost[N²m²],Torque Smoothness [Nm],Velocity Cost [m²/s²],RealAI Score
1.0,5.7701029777526855,22.137381476530255,25.149022035140767,0.2827801156528541,216.31858590811592,0.10506566541651408
