Swingup Success,Swingup Time [s],Energy [J],Torque Cost[N²m²],Torque Smoothness [Nm],Velocity Cost [m²/s²],RealAI Score
0.0,9.999584674835203,27.67743851266058,24.99963432957812,0.39725950996050824,372.460797067699,0.0
