Swingup Success,Swingup Time [s],Energy [J],Torque Cost[N²m²],Torque Smoothness [Nm],Velocity Cost [m²/s²],RealAI Score
1.0,2.659248113632202,17.212035147550456,10.131859452349728,0.3083809242552433,113.79801030889541,0.25089521072860865
