Swingup Success,Swingup Time [s],Energy [J],Torque Cost[N²m²],Torque Smoothness [Nm],Velocity Cost [m²/s²],RealAI Score
1.0,1.4809341430664062,13.055548702031253,23.727128894895166,0.29036003480518885,66.64469142821422,0.339690752058877
