Swingup Success,Swingup Time [s],Energy [J],Torque Cost[N²m²],Torque Smoothness [Nm],Velocity Cost [m²/s²],RealAI Score
0.0,9.999508142471312,27.4161737490933,25.517280826395016,0.42920054879710395,333.8548869428856,0.0
