Swingup Success,Swingup Time [s],Energy [J],Torque Cost[N²m²],Torque Smoothness [Nm],Velocity Cost [m²/s²],RealAI Score
1.0,1.6912848949432373,16.816116782209267,14.639398094283798,0.3355978513419794,117.71745795075714,0.26512513871771637
