Swingup Success,Swingup Time [s],Energy [J],Torque Cost[N²m²],Torque Smoothness [Nm],Velocity Cost [m²/s²],RealAI Score
1.0,6.829475164413452,23.994700679415327,28.121327509526516,0.3400506794880678,295.5755253907475,0.07576133784785644
