Swingup Success,Swingup Time [s],Energy [J],Torque Cost[N²m²],Torque Smoothness [Nm],Velocity Cost [m²/s²],RealAI Score
0.0,9.9980251789093,25.92099548110169,20.958421664557303,0.2977065102186246,373.330369960339,0.0
