Swingup Success,Swingup Time [s],Energy [J],Torque Cost[N²m²],Torque Smoothness [Nm],Velocity Cost [m²/s²],RealAI Score
1.0,7.72326636314392,23.79549797635088,20.497901515685683,0.3870359829996162,232.13373680690148,0.07385391687175047
