Swingup Success,Swingup Time [s],Energy [J],Torque Cost[N²m²],Torque Smoothness [Nm],Velocity Cost [m²/s²],RealAI Score
1.0,7.267737388610838,31.500868745982174,35.62969816113768,0.3458279854700551,297.1055825608989,0.05498505779252483
