Swingup Success,Swingup Time [s],Energy [J],Torque Cost[N²m²],Torque Smoothness [Nm],Velocity Cost [m²/s²],RealAI Score
1.0,2.975311040878296,17.69004310451549,10.360582910426842,0.3882076071774301,116.37388165046008,0.23727082570801095
