Swingup Success,Swingup Time [s],Energy [J],Torque Cost[N²m²],Torque Smoothness [Nm],Velocity Cost [m²/s²],RealAI Score
1.0,4.839545011520386,19.382070150791456,15.802014265084136,0.37228401926576665,209.29412590546144,0.13538369824681595
