Swingup Success,Swingup Time [s],Energy [J],Torque Cost[N²m²],Torque Smoothness [Nm],Velocity Cost [m²/s²],RealAI Score
1.0,3.053236484527588,22.875009726122173,18.508899996098002,0.2948395992721388,113.03782082590261,0.20335178249305474
