Swingup Success,Swingup Time [s],Energy [J],Torque Cost[N²m²],Torque Smoothness [Nm],Velocity Cost [m²/s²],RealAI Score
1.0,1.6734378337860107,17.959632044594777,36.6946619897124,0.54341546544734,117.54918969485405,0.25604745613011304
