Swingup Success,Swingup Time [s],Energy [J],Torque Cost[N²m²],Torque Smoothness [Nm],Velocity Cost [m²/s²],RealAI Score
1.0,2.961220502853393,20.059521908645806,14.306072195456688,0.5547599781434007,172.00336081816306,0.18632587959928482
