Swingup Success,Swingup Time [s],Energy [J],Torque Cost[N²m²],Torque Smoothness [Nm],Velocity Cost [m²/s²],RealAI Score
1.0,2.9230463504791255,15.150261730695325,11.442774261876203,0.3393925343194768,111.87412457726731,0.25161357715533006
