Swingup Success,Swingup Time [s],Energy [J],Torque Cost[N²m²],Torque Smoothness [Nm],Velocity Cost [m²/s²],RealAI Score
1.0,5.549851655960083,19.022715513264348,12.344027161058817,0.3733326129073971,259.55678044207434,0.12234018984969641
