Swingup Success,Swingup Time [s],Energy [J],Torque Cost[N²m²],Torque Smoothness [Nm],Velocity Cost [m²/s²],RealAI Score
1.0,8.45994520187378,24.006181409955687,23.07595933920871,0.30209100705773584,331.5636675910555,0.05862059869548286
