Swingup Success,Swingup Time [s],Energy [J],Torque Cost[N²m²],Torque Smoothness [Nm],Velocity Cost [m²/s²],RealAI Score
1.0,1.4728238582611084,12.655562205304554,9.752354480752908,0.2149462385248124,67.73428707665259,0.3589856848281876
