Swingup Success,Swingup Time [s],Energy [J],Torque Cost[N²m²],Torque Smoothness [Nm],Velocity Cost [m²/s²],RealAI Score
1.0,4.907308340072632,19.226551871857655,15.194782167891494,0.3389729542250294,220.3918450474652,0.13315596098836757
