Swingup Success,Swingup Time [s],Energy [J],Torque Cost[N²m²],Torque Smoothness [Nm],Velocity Cost [m²/s²],RealAI Score
0.0,0.5140304565429688,8.310779040298337,4.440731653698768,0.03561683959951298,27.669763925794577,0.0
