Swingup Success,Swingup Time [s],Energy [J],Torque Cost[N²m²],Torque Smoothness [Nm],Velocity Cost [m²/s²],RealAI Score
1.0,2.7830348014831543,19.08652039933724,13.071873048407111,0.31716263972427144,115.47982217321538,0.2280199948963899
