Swingup Success,Swingup Time [s],Energy [J],Torque Cost[N²m²],Torque Smoothness [Nm],Velocity Cost [m²/s²],RealAI Score
1.0,4.4055023193359375,21.67121919755927,14.92102306162027,0.4654940917342854,234.61547369480954,0.13106045568997116
