Swingup Success,Swingup Time [s],Energy [J],Torque Cost[N²m²],Torque Smoothness [Nm],Velocity Cost [m²/s²],RealAI Score
1.0,2.773147821426392,18.54395321524932,14.541215727760171,0.2991487052937063,106.05928185957309,0.23586833085156922
