Swingup Success,Swingup Time [s],Energy [J],Torque Cost[N²m²],Torque Smoothness [Nm],Velocity Cost [m²/s²],RealAI Score
1.0,3.0670125484466553,15.212738733861888,11.233041199213512,0.2556399686560629,111.72267302344113,0.24841953065279387
