Swingup Success,Swingup Time [s],Energy [J],Torque Cost[N²m²],Torque Smoothness [Nm],Velocity Cost [m²/s²],RealAI Score
1.0,1.5354795455932615,12.760508191289551,9.44326282415236,0.2677761535910405,63.660428287871916,0.3630847659422114
