Swingup Success,Swingup Time [s],Energy [J],Torque Cost[N²m²],Torque Smoothness [Nm],Velocity Cost [m²/s²],RealAI Score
1.0,1.791640281677246,26.823609440034005,15.280814268456595,0.486520306917841,226.65095617743899,0.18221268268943813
