Swingup Success,Swingup Time [s],Energy [J],Torque Cost[N²m²],Torque Smoothness [Nm],Velocity Cost [m²/s²],RealAI Score
0.0,9.998557329177856,27.245431107039646,46.643354140661025,0.2945497595899994,186.3562426502688,0.0
