Swingup Success,Swingup Time [s],Energy [J],Torque Cost[N²m²],Torque Smoothness [Nm],Velocity Cost [m²/s²],RealAI Score
1.0,7.25527024269104,24.687950783502437,20.953777525659415,0.2976767262409707,273.80190780914694,0.07107917218856885
