Swingup Success,Swingup Time [s],Energy [J],Torque Cost[N²m²],Torque Smoothness [Nm],Velocity Cost [m²/s²],RealAI Score
1.0,2.879136562347412,19.331763408850172,14.936361722293714,0.2563934527426015,109.03542146432743,0.2266721336984645
