Swingup Success,Swingup Time [s],Energy [J],Torque Cost[N²m²],Torque Smoothness [Nm],Velocity Cost [m²/s²],RealAI Score
1.0,4.496957063674927,20.89818654877814,17.484009384661988,0.3071079330014765,235.01160371009357,0.13000698931061738
