Swingup Success,Swingup Time [s],Energy [J],Torque Cost[N²m²],Torque Smoothness [Nm],Velocity Cost [m²/s²],RealAI Score
1.0,3.4615674018859863,22.315502339282794,19.619264069052253,0.36865913712125264,156.70878177830116,0.16836146724721168
