Swingup Success,Swingup Time [s],Energy [J],Torque Cost[N²m²],Torque Smoothness [Nm],Velocity Cost [m²/s²],RealAI Score
1.0,9.563509225845337,27.47026605093268,23.327464889670562,0.36594894888198654,304.7486985144012,0.043787121595149414
