Swingup Success,Swingup Time [s],Energy [J],Torque Cost[N²m²],Torque Smoothness [Nm],Velocity Cost [m²/s²],RealAI Score
0.0,2.652148962020874,21.81730974919084,18.005499880352904,0.3667553564950964,120.71458625675922,0.0
