Swingup Success,Swingup Time [s],Energy [J],Torque Cost[N²m²],Torque Smoothness [Nm],Velocity Cost [m²/s²],RealAI Score
0.0,1.358382225036621,26.617693902790073,12.158985643045007,0.0042626635165016954,272.51456503591675,0.0
