Swingup Success,Swingup Time [s],Energy [J],Torque Cost[N²m²],Torque Smoothness [Nm],Velocity Cost [m²/s²],RealAI Score
1.0,2.7278482913970947,19.602582787842906,14.301954310332073,0.23900284902838986,115.56665679275483,0.22512091784708543
