Swingup Success,Swingup Time [s],Energy [J],Torque Cost[N²m²],Torque Smoothness [Nm],Velocity Cost [m²/s²],RealAI Score
1.0,4.671529054641724,22.5950436536193,24.46617140134437,0.37270733757057234,222.4780044376705,0.12120832961704187
