Swingup Success,Swingup Time [s],Energy [J],Torque Cost[N²m²],Torque Smoothness [Nm],Velocity Cost [m²/s²],RealAI Score
1.0,2.8879165649414062,20.938642887856055,17.22030343677732,0.301961013037663,110.78206052632808,0.21668528663961173
