Swingup Success,Swingup Time [s],Energy [J],Torque Cost[N²m²],Torque Smoothness [Nm],Velocity Cost [m²/s²],RealAI Score
1.0,6.558151006698608,18.053343096299137,15.81903984186309,0.3425599928633704,218.72294036854257,0.112917543891765
