Swingup Success,Swingup Time [s],Energy [J],Torque Cost[N²m²],Torque Smoothness [Nm],Velocity Cost [m²/s²],RealAI Score
1.0,3.3949627876281734,22.059610309366782,19.6138490567937,0.36865913712125264,159.8762500228047,0.16940855829626245
