Swingup Success,Swingup Time [s],Energy [J],Torque Cost[N²m²],Torque Smoothness [Nm],Velocity Cost [m²/s²],RealAI Score
1.0,3.30245304107666,21.064277229614746,14.995679439723782,0.6326370732798231,169.55561157541908,0.17397798089188754
