Swingup Success,Swingup Time [s],Energy [J],Torque Cost[N²m²],Torque Smoothness [Nm],Velocity Cost [m²/s²],RealAI Score
1.0,5.406865358352661,24.7394155620919,21.14078941705537,0.34418605590496154,210.71560483010975,0.10436837712938818
