Swingup Success,Swingup Time [s],Energy [J],Torque Cost[N²m²],Torque Smoothness [Nm],Velocity Cost [m²/s²],RealAI Score
1.0,8.098556756973265,44.8691619500706,39.13233612093429,0.29655064271664805,338.6303670305597,0.034686834332173344
