Swingup Success,Swingup Time [s],Energy [J],Torque Cost[N²m²],Torque Smoothness [Nm],Velocity Cost [m²/s²],RealAI Score
0.0,2.4101340770721436,22.901407995430976,21.03165124365313,0.21311170363644497,102.98113143935059,0.0
