Swingup Success,Swingup Time [s],Energy [J],Torque Cost[N²m²],Torque Smoothness [Nm],Velocity Cost [m²/s²],RealAI Score
1.0,1.5146982669830322,13.322341416682393,9.436251852578499,0.2677761535910405,66.05970595323093,0.35699253461563085
