Swingup Success,Swingup Time [s],Energy [J],Torque Cost[N²m²],Torque Smoothness [Nm],Velocity Cost [m²/s²],RealAI Score
1.0,2.7573533058166504,14.452802768478618,10.512710965781313,0.34903965038531903,114.17642483931087,0.26183349027798763
