Swingup Success,Swingup Time [s],Energy [J],Torque Cost[N²m²],Torque Smoothness [Nm],Velocity Cost [m²/s²],RealAI Score
0.0,9.998011112213135,21.726456928502238,31.027939912677123,0.3186501461715812,275.7860114342494,0.0
