Swingup Success,Swingup Time [s],Energy [J],Torque Cost[N²m²],Torque Smoothness [Nm],Velocity Cost [m²/s²],RealAI Score
0.0,9.999477624893187,30.42476848452795,26.160777977116588,0.3483642440171937,350.26075279330814,0.0
