Swingup Success,Swingup Time [s],Energy [J],Torque Cost[N²m²],Torque Smoothness [Nm],Velocity Cost [m²/s²],RealAI Score
1.0,9.780035018920898,23.938300715064443,19.62005648851073,0.368696023205668,411.3435951238872,0.049319351501388664
