Swingup Success,Swingup Time [s],Energy [J],Torque Cost[N²m²],Torque Smoothness [Nm],Velocity Cost [m²/s²],RealAI Score
1.0,9.948458671569824,26.174980379537715,25.00488096507487,0.3972992576028085,381.3274868564989,0.04222063011170274
