Swingup Success,Swingup Time [s],Energy [J],Torque Cost[N²m²],Torque Smoothness [Nm],Velocity Cost [m²/s²],RealAI Score
1.0,3.1416354179382324,21.398313580219288,18.78281658544374,0.521029186406728,164.40709070576128,0.1762627634884596
