Swingup Success,Swingup Time [s],Energy [J],Torque Cost[N²m²],Torque Smoothness [Nm],Velocity Cost [m²/s²],RealAI Score
1.0,6.403510570526123,26.061264922442952,20.395859768571842,0.3059819363859007,288.0477913064773,0.07664903549156143
