Swingup Success,Swingup Time [s],Energy [J],Torque Cost[N²m²],Torque Smoothness [Nm],Velocity Cost [m²/s²],RealAI Score
1.0,1.6832873821258545,16.517274803705458,34.807087889925334,0.5603405170538289,116.48856539550532,0.2638800397538974
