Swingup Success,Swingup Time [s],Energy [J],Torque Cost[N²m²],Torque Smoothness [Nm],Velocity Cost [m²/s²],RealAI Score
1.0,8.500207424163818,37.55080492097215,41.76951409916826,0.3992719502041721,342.4401822464045,0.03542251840841981
