Swingup Success,Swingup Time [s],Energy [J],Torque Cost[N²m²],Torque Smoothness [Nm],Velocity Cost [m²/s²],RealAI Score
0.0,3.892556190490722,21.18883895589878,17.59620699000867,0.31902648239462855,257.47968474745346,0.0
