Swingup Success,Swingup Time [s],Energy [J],Torque Cost[N²m²],Torque Smoothness [Nm],Velocity Cost [m²/s²],RealAI Score
0.0,1.3642990589141843,24.829038314318375,11.666652018927678,0.28326089735177074,262.0559686289998,0.0
