Swingup Success,Swingup Time [s],Energy [J],Torque Cost[N²m²],Torque Smoothness [Nm],Velocity Cost [m²/s²],RealAI Score
1.0,2.812734603881836,17.793048145324196,32.05608503181452,0.31179489958672363,121.1062689212958,0.22265217039286678
