Swingup Success,Swingup Time [s],Energy [J],Torque Cost[N²m²],Torque Smoothness [Nm],Velocity Cost [m²/s²],RealAI Score
1.0,1.717426300048828,18.17436397717641,37.13375367907547,0.5512917012462546,115.64897235142597,0.25515525198505395
