Swingup Success,Swingup Time [s],Energy [J],Torque Cost[N²m²],Torque Smoothness [Nm],Velocity Cost [m²/s²],RealAI Score
1.0,2.6473846435546875,17.95802006272946,10.823160284250466,0.4349260629367033,172.9943895387926,0.2119418458348049
