Swingup Success,Swingup Time [s],Energy [J],Torque Cost[N²m²],Torque Smoothness [Nm],Velocity Cost [m²/s²],RealAI Score
1.0,1.5255475044250488,14.358459828270943,23.075827526410205,0.30209100705773584,65.09108971532856,0.3318294336224836
