Swingup Success,Swingup Time [s],Energy [J],Torque Cost[N²m²],Torque Smoothness [Nm],Velocity Cost [m²/s²],RealAI Score
0.0,9.999378681182861,44.25538754027571,43.694687560930966,0.33252376835802433,408.06821354711286,0.0
