Swingup Success,Swingup Time [s],Energy [J],Torque Cost[N²m²],Torque Smoothness [Nm],Velocity Cost [m²/s²],RealAI Score
1.0,2.7713451385498047,19.39560493025801,12.372658276988352,0.5767420122902763,172.15093309001352,0.19756824747059976
