Swingup Success,Swingup Time [s],Energy [J],Torque Cost[N²m²],Torque Smoothness [Nm],Velocity Cost [m²/s²],RealAI Score
1.0,3.187127590179444,20.19186801061375,16.919781092554047,0.39600490970841823,157.22033371371626,0.1837185072964873
