Swingup Success,Swingup Time [s],Energy [J],Torque Cost[N²m²],Torque Smoothness [Nm],Velocity Cost [m²/s²],RealAI Score
0.0,3.5541646480560303,32.887802492841956,23.682154976135717,0.36735803592793453,203.9880491625736,0.0
