Swingup Success,Swingup Time [s],Energy [J],Torque Cost[N²m²],Torque Smoothness [Nm],Velocity Cost [m²/s²],RealAI Score
1.0,3.468197822570801,23.02588121557384,26.650090664343068,0.24782802051421704,156.15457510385932,0.16539113714783527
