Swingup Success,Swingup Time [s],Energy [J],Torque Cost[N²m²],Torque Smoothness [Nm],Velocity Cost [m²/s²],RealAI Score
0.0,9.998383283615112,9.044927434785349,18.785871319193202,0.521029186406728,29.540532429973847,0.0
