Swingup Success,Swingup Time [s],Energy [J],Torque Cost[N²m²],Torque Smoothness [Nm],Velocity Cost [m²/s²],RealAI Score
1.0,8.070738554000854,22.73758520069469,26.17171627867454,0.3483990994456617,269.9893192550878,0.06899678059706382
