Swingup Success,Swingup Time [s],Energy [J],Torque Cost[N²m²],Torque Smoothness [Nm],Velocity Cost [m²/s²],RealAI Score
1.0,3.1702280044555664,20.831639920844164,16.93514455980358,0.30395425615599353,108.34682680372694,0.21209852128267104
