Swingup Success,Swingup Time [s],Energy [J],Torque Cost[N²m²],Torque Smoothness [Nm],Velocity Cost [m²/s²],RealAI Score
1.0,2.511172294616699,18.03272973319604,18.76314523163786,0.5209249493962399,104.90708816040203,0.2431899690403293
