Swingup Success,Swingup Time [s],Energy [J],Torque Cost[N²m²],Torque Smoothness [Nm],Velocity Cost [m²/s²],RealAI Score
1.0,1.927324295043945,16.70466130630696,23.777713881515393,0.4435824604687665,108.09110414994574,0.2626137663828184
