Swingup Success,Swingup Time [s],Energy [J],Torque Cost[N²m²],Torque Smoothness [Nm],Velocity Cost [m²/s²],RealAI Score
1.0,1.5330355167388916,14.260625215396237,24.624904635055177,0.28600123529667176,68.1605980852889,0.32840009593211894
