time,pos_meas1,pos_meas2,vel_meas1,vel_meas2,pos_filt1,pos_filt2,vel_filt1,vel_filt2,tau_con1,tau_con2,tau_fric1,tau_fric2,tau_meas1,tau_meas2,tau_pert1,tau_pert2
0.000000000000000000e+00,7.305256733043385964e-02,-7.305256733043385964e-02,-2.747252747252915128e-02,6.043956043956200119e-02,0.000000000000000000e+00,0.000000000000000000e+00,0.000000000000000000e+00,0.000000000000000000e+00,2.711584806442260742e+00,0.000000000000000000e+00,0.000000000000000000e+00,0.000000000000000000e+00,-2.930402930402919992e-03,-2.930402930402919992e-03,0.000000000000000000e+00,0.000000000000000000e+00
