Swingup Success,Swingup Time [s],Energy [J],Torque Cost[N²m²],Torque Smoothness [Nm],Velocity Cost [m²/s²],RealAI Score
1.0,5.289822101593018,14.799175446412868,8.662055729768518,0.22090565679321822,220.22691672687665,0.17074306320748012
