Swingup Success,Swingup Time [s],Energy [J],Torque Cost[N²m²],Torque Smoothness [Nm],Velocity Cost [m²/s²],RealAI Score
1.0,3.0002620220184326,19.397173915399435,15.666263128761893,0.2553719145282044,108.92061966714469,0.22264833844641385
