Swingup Success,Swingup Time [s],Energy [J],Torque Cost[N²m²],Torque Smoothness [Nm],Velocity Cost [m²/s²],RealAI Score
0.0,9.998590946197508,27.94209663337222,25.3321563037769,0.2935084336901762,368.1554115224818,0.0
