Swingup Success,Swingup Time [s],Energy [J],Torque Cost[N²m²],Torque Smoothness [Nm],Velocity Cost [m²/s²],RealAI Score
0.0,9.99935793876648,25.859148374149193,21.754219501632647,0.3242763966652938,316.09735607148616,0.0
