Swingup Success,Swingup Time [s],Energy [J],Torque Cost[N²m²],Torque Smoothness [Nm],Velocity Cost [m²/s²],RealAI Score
1.0,3.741565704345703,15.39250364988575,18.233039296571324,0.31846111720055653,115.84189451288827,0.21796666129797948
