Swingup Success,Swingup Time [s],Energy [J],Torque Cost[N²m²],Torque Smoothness [Nm],Velocity Cost [m²/s²],RealAI Score
1.0,3.0110516548156734,14.907167213580607,10.549869736638914,0.24761650649189976,116.03684900627414,0.2509540601480277
