Swingup Success,Swingup Time [s],Energy [J],Torque Cost[N²m²],Torque Smoothness [Nm],Velocity Cost [m²/s²],RealAI Score
1.0,9.378139495849608,30.460453620351572,30.638782988218832,0.34799098025409436,337.22940173138915,0.03780508687066686
