Swingup Success,Swingup Time [s],Energy [J],Torque Cost[N²m²],Torque Smoothness [Nm],Velocity Cost [m²/s²],RealAI Score
1.0,9.475979566574097,21.24406507583097,18.23364788472648,0.3184929807081156,314.7836280843534,0.06253897586184143
