Swingup Success,Swingup Time [s],Energy [J],Torque Cost[N²m²],Torque Smoothness [Nm],Velocity Cost [m²/s²],RealAI Score
0.0,1.352384090423584,27.150654053718966,11.963486714492426,0.013215914327555537,275.66089407812933,0.0
