Swingup Success,Swingup Time [s],Energy [J],Torque Cost[N²m²],Torque Smoothness [Nm],Velocity Cost [m²/s²],RealAI Score
1.0,2.799776077270508,17.362938519169205,11.01243642424712,0.293170103070395,112.11619903226807,0.24401728343567275
