Swingup Success,Swingup Time [s],Energy [J],Torque Cost[N²m²],Torque Smoothness [Nm],Velocity Cost [m²/s²],RealAI Score
1.0,3.1096560955047607,15.792092045565447,13.351931232463087,0.34255712024715274,113.54036282088977,0.23713233197218253
