Swingup Success,Swingup Time [s],Energy [J],Torque Cost[N²m²],Torque Smoothness [Nm],Velocity Cost [m²/s²],RealAI Score
1.0,2.8075501918792725,20.745004626241304,14.350131087876054,0.23892265069464005,116.66093835495046,0.21754138535474665
