Swingup Success,Swingup Time [s],Energy [J],Torque Cost[N²m²],Torque Smoothness [Nm],Velocity Cost [m²/s²],RealAI Score
1.0,5.043748617172241,16.997747585876823,13.913352710974245,0.35705336474193666,221.18699451663568,0.1427947429900127
