Swingup Success,Swingup Time [s],Energy [J],Torque Cost[N²m²],Torque Smoothness [Nm],Velocity Cost [m²/s²],RealAI Score
1.0,2.9736862182617188,18.388020650158907,26.614240975164513,0.29440125567691766,119.74134809792628,0.21673235288919213
