Swingup Success,Swingup Time [s],Energy [J],Torque Cost[N²m²],Torque Smoothness [Nm],Velocity Cost [m²/s²],RealAI Score
1.0,9.398084640502928,25.565452914282695,25.001794798781813,0.3972992576028085,327.0740906598297,0.04807014737728288
