Swingup Success,Swingup Time [s],Energy [J],Torque Cost[N²m²],Torque Smoothness [Nm],Velocity Cost [m²/s²],RealAI Score
0.0,4.0365867614746085,20.419909089520605,17.640307613022557,0.318126390035692,194.15198422615904,0.0
