Swingup Success,Swingup Time [s],Energy [J],Torque Cost[N²m²],Torque Smoothness [Nm],Velocity Cost [m²/s²],RealAI Score
1.0,5.6552510261535645,21.220981997091098,18.229210546624827,0.31846111720055653,224.34195526943307,0.10974875700422126
