Swingup Success,Swingup Time [s],Energy [J],Torque Cost[N²m²],Torque Smoothness [Nm],Velocity Cost [m²/s²],RealAI Score
1.0,9.541441202163696,26.905750374380084,23.071260151255444,0.30206078444117374,321.67136386460527,0.044392710023594795
