time,pos_meas1,pos_meas2,vel_meas1,vel_meas2,pos_filt1,pos_filt2,vel_filt1,vel_filt2,tau_con1,tau_con2,tau_fric1,tau_fric2,tau_meas1,tau_meas2,tau_pert1,tau_pert2
0.000000000000000000e+00,8.201724269474297557e-03,9.912642099641413296e-01,5.494505494507251342e-03,-5.494505494507251342e-03,0.000000000000000000e+00,0.000000000000000000e+00,0.000000000000000000e+00,0.000000000000000000e+00,2.993777990341186523e+00,0.000000000000000000e+00,0.000000000000000000e+00,0.000000000000000000e+00,2.637362637362627993e-02,-8.791208791208759976e-03,0.000000000000000000e+00,0.000000000000000000e+00
