Swingup Success,Swingup Time [s],Energy [J],Torque Cost[N²m²],Torque Smoothness [Nm],Velocity Cost [m²/s²],RealAI Score
1.0,2.501417398452759,19.56179711916902,12.633855805234138,0.5268558212821126,186.42705894745197,0.1986297374778736
