Swingup Success,Swingup Time [s],Energy [J],Torque Cost[N²m²],Torque Smoothness [Nm],Velocity Cost [m²/s²],RealAI Score
1.0,3.931882619857788,14.591025886307369,9.445382537158526,0.2678029457712062,132.6753853851243,0.2252542679415115
