Swingup Success,Swingup Time [s],Energy [J],Torque Cost[N²m²],Torque Smoothness [Nm],Velocity Cost [m²/s²],RealAI Score
1.0,1.4752047061920166,13.428480115792171,23.235467793436587,0.3159472897209751,67.03270630678966,0.3369330316378888
