Swingup Success,Swingup Time [s],Energy [J],Torque Cost[N²m²],Torque Smoothness [Nm],Velocity Cost [m²/s²],RealAI Score
1.0,2.9012792110443115,20.98146342897777,18.780220711731715,0.5209770600805872,163.62130950005334,0.18420835901037824
