Swingup Success,Swingup Time [s],Energy [J],Torque Cost[N²m²],Torque Smoothness [Nm],Velocity Cost [m²/s²],RealAI Score
1.0,5.119709253311157,16.570810478157846,13.518150864140457,0.24216808971182374,205.52025963194387,0.1475777055768871
