Swingup Success,Swingup Time [s],Energy [J],Torque Cost[N²m²],Torque Smoothness [Nm],Velocity Cost [m²/s²],RealAI Score
1.0,3.3671135902404785,19.671832284473798,32.059201028215256,0.31179489958672363,161.330229784775,0.17772422722335923
