Swingup Success,Swingup Time [s],Energy [J],Torque Cost[N²m²],Torque Smoothness [Nm],Velocity Cost [m²/s²],RealAI Score
1.0,5.033677577972412,18.76959480547808,19.475870719957936,0.3410621049161307,202.20576814796055,0.13429404903567843
