Swingup Success,Swingup Time [s],Energy [J],Torque Cost[N²m²],Torque Smoothness [Nm],Velocity Cost [m²/s²],RealAI Score
0.0,9.999610662460327,25.551289505751004,21.518589235295856,0.3798378752315527,305.0381055724803,0.0
