Swingup Success,Swingup Time [s],Energy [J],Torque Cost[N²m²],Torque Smoothness [Nm],Velocity Cost [m²/s²],RealAI Score
1.0,9.808004379272463,23.77311260973232,24.629188969422255,0.2860298510597076,333.1369722865246,0.05049137860683617
