Swingup Success,Swingup Time [s],Energy [J],Torque Cost[N²m²],Torque Smoothness [Nm],Velocity Cost [m²/s²],RealAI Score
1.0,2.717294931411743,15.373078438143146,12.78687618515854,0.4537455454080763,134.97405098834318,0.23604429384896852
