Swingup Success,Swingup Time [s],Energy [J],Torque Cost[N²m²],Torque Smoothness [Nm],Velocity Cost [m²/s²],RealAI Score
1.0,1.5219740867614746,14.239831485721638,26.617564501231218,0.29440125567691766,63.839519850236684,0.3340243134732087
