Swingup Success,Swingup Time [s],Energy [J],Torque Cost[N²m²],Torque Smoothness [Nm],Velocity Cost [m²/s²],RealAI Score
1.0,2.7814531326293945,17.592380802438406,10.131556369008978,0.2300313660216697,117.65972279254939,0.2428569150761386
