Swingup Success,Swingup Time [s],Energy [J],Torque Cost[N²m²],Torque Smoothness [Nm],Velocity Cost [m²/s²],RealAI Score
0.0,1.3461675643920898,27.85341548498575,11.590802386360398,0.2516398430942389,286.7493548630504,0.0
