Swingup Success,Swingup Time [s],Energy [J],Torque Cost[N²m²],Torque Smoothness [Nm],Velocity Cost [m²/s²],RealAI Score
1.0,1.5351722240447998,14.088010899273,10.725213997061623,0.2975265358588756,66.68290708309463,0.34433225511215537
