Swingup Success,Swingup Time [s],Energy [J],Torque Cost[N²m²],Torque Smoothness [Nm],Velocity Cost [m²/s²],RealAI Score
1.0,4.591758728027344,14.786456441088955,15.02813441649036,0.4545505695050336,115.7043490844571,0.20601061813935528
