Swingup Success,Swingup Time [s],Energy [J],Torque Cost[N²m²],Torque Smoothness [Nm],Velocity Cost [m²/s²],RealAI Score
1.0,5.35790228843689,17.451346453203303,14.010099010052274,0.35993934329181115,219.7365643498507,0.13521452419109037
