Swingup Success,Swingup Time [s],Energy [J],Torque Cost[N²m²],Torque Smoothness [Nm],Velocity Cost [m²/s²],RealAI Score
0.0,9.999855518341064,18.114983423999618,10.727056871642421,0.2975265358588756,367.10739199648674,0.0
