Swingup Success,Swingup Time [s],Energy [J],Torque Cost[N²m²],Torque Smoothness [Nm],Velocity Cost [m²/s²],RealAI Score
0.0,0.5540533065795897,5.740317594471152,4.352118159636465,0.10584681854164806,32.1561115682706,0.0
