Swingup Success,Swingup Time [s],Energy [J],Torque Cost[N²m²],Torque Smoothness [Nm],Velocity Cost [m²/s²],RealAI Score
0.0,9.9995756149292,26.714328425656575,32.68086369712398,0.2999133867429337,335.82428052218745,0.0
