Swingup Success,Swingup Time [s],Energy [J],Torque Cost[N²m²],Torque Smoothness [Nm],Velocity Cost [m²/s²],RealAI Score
1.0,3.841355085372925,22.422535249018658,30.635739048333217,0.3479561655460708,179.58063847323052,0.14950426283786533
