Swingup Success,Swingup Time [s],Energy [J],Torque Cost[N²m²],Torque Smoothness [Nm],Velocity Cost [m²/s²],RealAI Score
0.0,0.9443583488464355,11.620969389913242,7.4500037755693445,0.12462649038903109,94.56611194292205,0.0
