Swingup Success,Swingup Time [s],Energy [J],Torque Cost[N²m²],Torque Smoothness [Nm],Velocity Cost [m²/s²],RealAI Score
1.0,5.869445323944092,19.266514957047143,15.016407972503904,0.3618809986913437,216.34130064971754,0.11806481506094979
