Swingup Success,Swingup Time [s],Energy [J],Torque Cost[N²m²],Torque Smoothness [Nm],Velocity Cost [m²/s²],RealAI Score
1.0,5.738116502761841,21.53333408034789,16.54417952260128,0.501711565203887,255.54569651635828,0.1038742329903728
