Swingup Success,Swingup Time [s],Energy [J],Torque Cost[N²m²],Torque Smoothness [Nm],Velocity Cost [m²/s²],RealAI Score
1.0,6.101285457611084,19.006393075055694,14.327548595866883,0.2921112569436536,214.43564742711237,0.11708644071798169
