Swingup Success,Swingup Time [s],Energy [J],Torque Cost[N²m²],Torque Smoothness [Nm],Velocity Cost [m²/s²],RealAI Score
0.0,9.998446464538574,9.498506749197928,54.81531391420085,0.5023295544321859,28.890528706046492,0.0
