Swingup Success,Swingup Time [s],Energy [J],Torque Cost[N²m²],Torque Smoothness [Nm],Velocity Cost [m²/s²],RealAI Score
1.0,3.165254592895508,18.90108269951602,14.530917012847839,0.6388101977911488,156.8054220653111,0.1920901679319834
