Swingup Success,Swingup Time [s],Energy [J],Torque Cost[N²m²],Torque Smoothness [Nm],Velocity Cost [m²/s²],RealAI Score
1.0,2.867798328399658,12.773992925192786,9.760290401095366,0.2149247301046923,117.76290644058575,0.2708648160363919
