Swingup Success,Swingup Time [s],Energy [J],Torque Cost[N²m²],Torque Smoothness [Nm],Velocity Cost [m²/s²],RealAI Score
1.0,6.474213600158691,26.499694224994535,16.47997556178079,0.2769754040432538,275.89025535671846,0.0771737868885527
