Swingup Success,Swingup Time [s],Energy [J],Torque Cost[N²m²],Torque Smoothness [Nm],Velocity Cost [m²/s²],RealAI Score
1.0,2.9640736579895015,16.037718872391235,21.74630694230863,0.32430884215005784,115.97693775597723,0.23205987741192102
