Swingup Success,Swingup Time [s],Energy [J],Torque Cost[N²m²],Torque Smoothness [Nm],Velocity Cost [m²/s²],RealAI Score
1.0,2.935085773468017,19.390555781374374,13.415833847794378,0.6150075548617756,159.86444266817986,0.1960821668052204
