Swingup Success,Swingup Time [s],Energy [J],Torque Cost[N²m²],Torque Smoothness [Nm],Velocity Cost [m²/s²],RealAI Score
1.0,4.879047393798828,19.60812624397479,26.061841858018127,0.30145891792710094,172.16941280815914,0.1417154419045783
