Swingup Success,Swingup Time [s],Energy [J],Torque Cost[N²m²],Torque Smoothness [Nm],Velocity Cost [m²/s²],RealAI Score
1.0,2.844985008239746,15.141393907065655,12.195732218936667,0.2910723301931795,116.53695332484644,0.24789004442495788
