Swingup Success,Swingup Time [s],Energy [J],Torque Cost[N²m²],Torque Smoothness [Nm],Velocity Cost [m²/s²],RealAI Score
1.0,6.0038506984710684,21.850341257781032,11.097248660687638,0.3245129150895963,280.76168981417175,0.10620071198155911
