Swingup Success,Swingup Time [s],Energy [J],Torque Cost[N²m²],Torque Smoothness [Nm],Velocity Cost [m²/s²],RealAI Score
0.0,5.542313814163208,38.39616142361283,34.933294773773,0.24313644745114082,258.849836621825,0.0
