Swingup Success,Swingup Time [s],Energy [J],Torque Cost[N²m²],Torque Smoothness [Nm],Velocity Cost [m²/s²],RealAI Score
1.0,2.96904969215393,15.968982727009228,11.349335642722309,0.28605424031512067,118.61134546805476,0.24093215937444168
