Swingup Success,Swingup Time [s],Energy [J],Torque Cost[N²m²],Torque Smoothness [Nm],Velocity Cost [m²/s²],RealAI Score
1.0,5.391625642776488,24.929850505154537,19.563258689934905,0.30208237226619755,220.3339408577341,0.10252371846610953
