Swingup Success,Swingup Time [s],Energy [J],Torque Cost[N²m²],Torque Smoothness [Nm],Velocity Cost [m²/s²],RealAI Score
0.0,2.823154926300049,19.276887823805463,15.72476321845715,0.2671591901949075,111.92324765256703,0.0
