Swingup Success,Swingup Time [s],Energy [J],Torque Cost[N²m²],Torque Smoothness [Nm],Velocity Cost [m²/s²],RealAI Score
1.0,2.476267337799072,17.985644460033093,13.67298924275923,0.25222842791647593,127.27019003888722,0.2317978621311907
