Swingup Success,Swingup Time [s],Energy [J],Torque Cost[N²m²],Torque Smoothness [Nm],Velocity Cost [m²/s²],RealAI Score
1.0,5.44977855682373,21.67911376649094,19.331750895781234,0.3288742906114556,219.27616514591392,0.11189821344930362
