Swingup Success,Swingup Time [s],Energy [J],Torque Cost[N²m²],Torque Smoothness [Nm],Velocity Cost [m²/s²],RealAI Score
1.0,5.933498620986938,19.726976055588192,16.109457057378524,0.30638083444465986,175.46967048437494,0.12509137668450343
