Swingup Success,Swingup Time [s],Energy [J],Torque Cost[N²m²],Torque Smoothness [Nm],Velocity Cost [m²/s²],RealAI Score
1.0,0.9720561504364013,13.953274613438317,9.164809591744604,0.258755778549246,47.45603358030942,0.39501453157312305
