Swingup Success,Swingup Time [s],Energy [J],Torque Cost[N²m²],Torque Smoothness [Nm],Velocity Cost [m²/s²],RealAI Score
1.0,1.7639973163604736,17.77938256215981,42.12100389852004,0.6255515712999242,114.24490850984094,0.2567601264724555
