Swingup Success,Swingup Time [s],Energy [J],Torque Cost[N²m²],Torque Smoothness [Nm],Velocity Cost [m²/s²],RealAI Score
1.0,4.540066480636597,19.930874835602964,16.97582795846997,0.27564729981124547,240.3441068680848,0.13249933632378064
